amfi_code,alpha,beta,observations,alpha_rank
119598,0.3033696538698332,-0.02319606204405971,1149,1
149324,0.3005787817097677,0.011455159960520695,1149,2
120505,0.2926358334175106,0.000549004250631731,1149,3
148569,0.2827036785246582,0.01813388408385925,1149,4
120843,0.27330465038306057,-0.02282956979242654,1149,5
100033,0.2719535450128533,0.005103525830528313,1149,6
148567,0.2698375144191807,0.023683558075848616,1149,7
149323,0.26598577542043045,-0.002523004664699212,1149,8
119094,0.2607666908004223,-0.0662654286280376,1149,9
119551,0.23201007160635082,-0.03175144113890976,1149,10
118632,0.21829397904608644,-0.008353832126962014,1149,11
101206,0.21399784776051212,0.02108631625012804,1149,12
120504,0.2119482701352573,0.016232169761417024,1149,13
148568,0.20873010086942337,-0.02638771994384303,1149,14
119552,0.1986859936686296,-0.02615930751351341,1149,15
125497,0.17729754927531766,0.048820404259577385,1149,16
120503,0.17703302365844073,-0.0402689523698206,1149,17
118634,0.1750072167561127,0.10349663691337589,1149,18
102885,0.17048756803412696,-0.019486785689474536,1149,19
120506,0.1625385327998104,0.04189646272811975,1149,20
102887,0.16211256794033255,0.016682689437770806,1149,21
118633,0.15643835948169668,-0.03663900671860934,1149,22
118635,0.1513635464823924,-0.001433521389780139,1149,23
149322,0.13173190226099432,-0.004050271130006511,1149,24
120841,0.13042924450705445,0.0363563990221998,1149,25
125498,0.11989100971217971,0.009054412621739139,1149,26
101207,0.10897091901704538,-0.06528924788351526,1149,27
119093,0.08232801295222093,0.02588321244009315,1149,28
120842,0.0780443887615508,0.018056874208118162,1149,29
119092,0.0689952982167755,0.009730745001153627,1149,30
120507,0.06746210411099539,-0.0004440926329707226,1149,31
120844,0.06455677495375998,-0.0004007442394784006,1149,32
101208,0.060861457957871144,0.00026670968338238335,1149,33
119120,0.05620895216638369,-0.006413850728276476,1149,34
118636,0.05074772999976104,0.0012566742731558475,1149,35
119599,0.048824215945539845,0.06200180438267164,1149,36
119095,0.04801595363775955,-0.06695117463929198,1149,37
100025,0.042817920315060876,0.0011582183155281417,1149,38
100016,0.03747580763443281,-0.05826843143880891,1149,39
102886,0.02896939786637944,-0.04212502902189429,1149,40
