amfi_code,cagr_3yr,sharpe_ratio,alpha,beta,max_drawdown,scheme_name,fund_house,expense_ratio_pct,cagr_rank,sharpe_rank,alpha_rank,expense_rank,drawdown_rank,fund_score,overall_rank
100016,0.01292649342495622,-0.3046187642532657,0.03747580763443281,-0.05826843143880891,-0.24734440880673303,HDFC Top 100 Fund - Regular Plan - Growth,HDFC Mutual Fund,1.55,0.875,0.85,0.975,0.8,0.85,87.5,1
102886,-0.007674063178547241,-0.2817316377375778,0.02896939786637944,-0.04212502902189429,-0.2800112356639287,UTI Mid Cap Fund - Regular - Growth,UTI Mutual Fund,1.51,0.925,0.825,1.0,0.6125,0.875,86.31,2
119095,-0.11705806723995271,-0.14213950019223065,0.04801595363775955,-0.06695117463929198,-0.5167775370852656,Axis Small Cap Fund - Regular - Growth,Axis Mutual Fund,1.38,1.0,0.8,0.925,0.425,0.975,84.62,3
101207,-0.04152381044854481,0.06186644292714198,0.10897091901704538,-0.06528924788351526,-0.3544691649336603,ABSL Small Cap Fund - Regular - Growth,Aditya Birla Sun Life MF,1.53,0.975,0.675,0.675,0.7125,0.95,79.81,4
119092,0.005258871209757432,-0.11390808404990915,0.0689952982167755,0.009730745001153627,-0.1440161790933726,Axis Bluechip Fund - Regular - Growth,Axis Mutual Fund,1.64,0.9,0.75,0.75,0.9875,0.375,79.31,5
119599,-0.01337386614488112,-0.12661506676350995,0.048824215945539845,0.06200180438267164,-0.5257422117012851,SBI Small Cap Fund - Direct Plan - Growth,SBI Mutual Fund,0.72,0.95,0.775,0.9,0.1375,1.0,77.94,6
120842,0.07756003551327284,-0.044834455775602966,0.0780443887615508,0.018056874208118162,-0.24003511326274884,Kotak Emerging Equity Fund - Regular - Growth,Kotak Mahindra MF,1.56,0.7,0.725,0.725,0.825,0.825,74.25,7
101208,0.06315784491375509,-4.213617304107149,0.060861457957871144,0.00026670968338238335,-0.0016224980244717857,ABSL Liquid Fund - Regular - Growth,Aditya Birla Sun Life MF,0.79,0.775,1.0,0.825,0.275,0.075,69.62,8
100025,0.039163899571040384,-0.9788844261616272,0.042817920315060876,0.0011582183155281417,-0.04308263824636349,HDFC Short Term Debt Fund - Regular - Growth,HDFC Mutual Fund,0.56,0.85,0.925,0.95,0.05,0.1,69.38,9
119120,0.05840358798463097,-0.6830199187421566,0.05620895216638369,-0.006413850728276476,-0.04328728923970093,SBI Magnum Gilt Fund - Regular Plan - Growth,SBI Mutual Fund,0.77,0.8,0.875,0.85,0.225,0.125,67.5,10
118636,0.040622050237771434,-0.7907662812786339,0.05074772999976104,0.0012566742731558475,-0.08316361763638702,Nippon India Gilt Securities Fund - Regular - Growth,Nippon India MF,0.55,0.825,0.9,0.875,0.025,0.15,66.62,11
120844,0.06695971624586994,-3.572251625405448,0.06455677495375998,-0.0004007442394784006,-0.0011629327956168556,Kotak Liquid Fund - Regular - Growth,Kotak Mahindra MF,0.6,0.75,0.975,0.8,0.075,0.05,64.5,12
120507,0.07394286300360076,-3.2112081743076577,0.06746210411099539,-0.0004440926329707226,-0.0009773140045925555,ICICI Pru Liquid Fund - Regular - Growth,ICICI Prudential MF,0.74,0.725,0.95,0.775,0.175,0.025,63.88,13
120841,0.1726727508371786,0.2728297980903879,0.13042924450705445,0.0363563990221998,-0.1757361416468729,Kotak Bluechip Fund - Regular - Growth,Kotak Mahindra MF,1.59,0.55,0.6,0.625,0.875,0.6,63.12,14
118634,0.08007927728656083,0.30179345341184705,0.1750072167561127,0.10349663691337589,-0.2334488614483311,Nippon India Small Cap Fund - Regular - Growth,Nippon India MF,1.53,0.675,0.575,0.45,0.7125,0.8,62.31,15
125498,0.11245222866621418,0.14779594943387106,0.11989100971217971,0.009054412621739139,-0.21117279560132118,HDFC Mid-Cap Opportunities Fund - Direct - Growth,HDFC Mutual Fund,0.78,0.65,0.65,0.65,0.25,0.725,59.75,16
149322,0.18044206486636138,0.2562785020406587,0.13173190226099432,-0.004050271130006511,-0.14844576917771746,DSP Top 100 Equity Fund - Regular - Growth,DSP Mutual Fund,1.54,0.525,0.625,0.6,0.7625,0.4,58.81,17
102887,0.25556187904126526,0.399769680429123,0.16211256794033255,0.016682689437770806,-0.21539827112383225,UTI Flexi Cap Fund - Regular - Growth,UTI Mutual Fund,1.64,0.325,0.55,0.525,0.9875,0.75,56.31,18
119093,0.20816771175535864,-0.03001311206161779,0.08232801295222093,0.02588321244009315,-0.21751396370148224,Axis Bluechip Fund - Direct - Growth,Axis Mutual Fund,0.75,0.4,0.7,0.7,0.2,0.775,54.25,19
120506,0.1842199653744454,0.42027145814352274,0.1625385327998104,0.04189646272811975,-0.1982565826298267,ICICI Pru Value Discovery Fund - Regular - Growth,ICICI Prudential MF,1.41,0.5,0.475,0.5,0.475,0.675,50.75,20
148568,0.14748035533586012,0.6561217731644271,0.20873010086942337,-0.02638771994384303,-0.1527259422823477,Mirae Asset Emerging Bluechip Fund - Regular - Growth,Mirae Asset MF,1.52,0.6,0.375,0.35,0.6625,0.475,49.06,21
120503,0.13978381933703043,0.533719870857107,0.17703302365844073,-0.0402689523698206,-0.13897862823061635,ICICI Pru Bluechip Fund - Regular - Growth,ICICI Prudential MF,1.42,0.625,0.425,0.425,0.5,0.35,48.88,22
102885,0.1966726206830185,0.538366551305279,0.17048756803412696,-0.019486785689474536,-0.1085986215250232,UTI Nifty 50 Index Fund - Regular - Growth,UTI Mutual Fund,1.57,0.45,0.4,0.475,0.85,0.175,47.5,23
118635,0.20008208380471482,0.411552103804451,0.1513635464823924,-0.001433521389780139,-0.1165062450540909,Nippon India ETF Nifty 50 BeES,Nippon India MF,0.89,0.425,0.5,0.575,0.325,0.25,44.12,24
118633,0.2108997654925684,0.40586356946456337,0.15643835948169668,-0.03663900671860934,-0.18629743138595511,Nippon India Large Cap Fund - Direct - Growth,Nippon India MF,0.72,0.375,0.525,0.55,0.1375,0.65,43.94,25
125497,0.18434488610520172,0.5225253768786159,0.17729754927531766,0.048820404259577385,-0.15200013055606398,HDFC Top 100 Fund - Direct Plan - Growth,HDFC Mutual Fund,0.92,0.475,0.45,0.4,0.35,0.45,43.25,26
119552,0.16267372294624916,0.6653393121505504,0.1986859936686296,-0.02615930751351341,-0.11803493502764295,SBI Bluechip Fund - Direct Plan - Growth,SBI Mutual Fund,0.66,0.575,0.35,0.375,0.1,0.275,37.75,27
118632,0.22652359830098634,0.7756928989672589,0.21829397904608644,-0.008353832126962014,-0.17414075086657232,Nippon India Large Cap Fund - Regular - Growth,Nippon India MF,1.51,0.35,0.2,0.275,0.6125,0.575,35.94,28
149323,0.268699908289022,0.8463136055677694,0.26598577542043045,-0.002523004664699212,-0.17248105753451382,DSP Midcap Fund - Regular - Growth,DSP Mutual Fund,1.61,0.275,0.15,0.2,0.95,0.55,35.75,29
149324,0.27000426614519246,0.7240192761274944,0.3005787817097677,0.011455159960520695,-0.31171900300634214,DSP Small Cap Fund - Regular - Growth,DSP Mutual Fund,1.52,0.25,0.3,0.05,0.6625,0.925,35.19,30
101206,0.2896769452874166,0.7337673599794889,0.21399784776051212,0.02108631625012804,-0.11291596329323073,ABSL Frontline Equity Fund - Regular - Growth,Aditya Birla Sun Life MF,1.6,0.225,0.25,0.3,0.9125,0.225,34.94,31
119598,0.2666992200118774,0.721173221018611,0.3033696538698332,-0.02319606204405971,-0.2870600572176455,SBI Small Cap Fund - Regular Plan - Growth,SBI Mutual Fund,1.43,0.3,0.325,0.025,0.525,0.9,34.5,32
148569,0.2917890157839378,0.932527272114478,0.2827036785246582,0.01813388408385925,-0.1639674294693263,Mirae Asset Tax Saver Fund - Regular - Growth,Mirae Asset MF,1.6,0.2,0.075,0.1,0.9125,0.525,28.81,33
119551,0.3045652442030289,0.8783135031733821,0.23201007160635082,-0.03175144113890976,-0.1501238549864533,SBI Bluechip Fund - Regular Plan - Growth,SBI Mutual Fund,1.54,0.15,0.125,0.25,0.7625,0.425,28.31,34
119094,0.35111802096428524,0.74282912823009,0.2607666908004223,-0.0662654286280376,-0.20960883862039192,Axis Midcap Fund - Regular - Growth,Axis Mutual Fund,1.38,0.025,0.225,0.225,0.425,0.7,24.25,35
120504,0.3248742855621496,0.7312732912293518,0.2119482701352573,0.016232169761417024,-0.12588275606922517,ICICI Pru Bluechip Fund - Direct - Growth,ICICI Prudential MF,0.8,0.075,0.275,0.325,0.3,0.3,23.12,36
100033,0.32442459421956116,0.8208532172619728,0.2719535450128533,0.005103525830528313,-0.16217208574644848,HDFC Mid-Cap Opportunities Fund - Regular - Growth,HDFC Mutual Fund,1.38,0.1,0.175,0.15,0.425,0.5,21.75,37
120843,0.2958277033726251,0.9805545676507985,0.27330465038306057,-0.02282956979242654,-0.1297396816518679,Kotak Flexicap Fund - Regular - Growth,Kotak Mahindra MF,1.45,0.175,0.05,0.125,0.55,0.325,20.5,38
120505,0.317775371512347,0.8956082798051491,0.2926358334175106,0.000549004250631731,-0.18188513572116294,ICICI Pru Midcap Fund - Regular - Growth,ICICI Prudential MF,1.36,0.125,0.1,0.075,0.375,0.625,19.62,39
148567,0.3400091602163293,1.084999962538694,0.2698375144191807,0.023683558075848616,-0.11265729075028275,Mirae Asset Large Cap Fund - Regular - Growth,Mirae Asset MF,1.46,0.05,0.025,0.175,0.575,0.2,16.25,40
